case,arm,frozen_completed,completed,functional_pass,execution_status,seconds,provider_feedback,provider_faults,actor_usage_available,failed_checks,confirmed_original_clause_gaps,patch_sha256
nodebb-images,A1,False,False,False,pass,482.625,0,0,True,"[""nodebb_group_variants.js"", ""nodebb_images.js"", ""nodebb_images_files.js""]",[],ae08df82a8e5736a8acc33adde7a287cf8e31002b5c629f53cb759c5139a0e19
nodebb-images,A2,False,False,False,pass,450.171,0,0,True,"[""nodebb_group_variants.js"", ""nodebb_images.js"", ""nodebb_images_files.js""]",[],ebb51ec749e6228c49909327dbb0dfea669d276844e39126a58d4f4219115731
nodebb-images,B1,True,True,True,pass,585.406,3,0,True,[],[],c78c434212f51053230c2533c9b0daad8e83b9a44fa8f4cc1562c64af1567914
nodebb-images,B2,False,False,False,pass,588.359,2,0,True,"[""nodebb_images.js"", ""nodebb_images_files.js""]",[],9c52a74bb09af42abaf0dea21eba6dc2c766a3ef8bef6a9c4976cd0096ead5fd
nodebb-images,C1,True,True,True,pass,971.062,0,0,True,[],[],b9e1ae725d2a6b72a569f7614d820d421eeb2c81a1c21b925c1a205a56eaa9e3
nodebb-images,C2,True,True,True,pass,723.797,0,0,True,[],[],25998f494e673b02f803c6437d562c287f66f6a1703890323b67957a7d115a3b
nodebb-images,D1,False,False,False,pass,456.687,1,0,True,"[""nodebb_group_variants.js"", ""nodebb_images.js"", ""nodebb_images_files.js""]",[],11862a5f49458a48e570caeaaff1d6cea562480fb316abdceaabe6231d90816c
nodebb-images,D2,False,False,False,pass,404.485,2,0,True,"[""nodebb_group_variants.js""]",[],657142e0d03cd68018d8162d5f14fd6b57e41243540bff559174787bb769603d
nodebb-images,E1,False,False,False,pass,729.343,1,0,True,"[""nodebb_group_variants.js""]",[],2b4458f4b72917d8b704c3fd35be4c87c361d8241091ac2db3898cad2a2e4aa5
nodebb-images,E2,False,False,False,pass,1299.484,3,0,True,"[""nodebb_group_variants.js"", ""nodebb_images.js"", ""nodebb_images_files.js""]",[],ff170ab4ca647b933442f9aa187b92b3d54177f5f971e461fd6a6b5836979af1
nodebb-images,F1,False,False,True,fail,1800.188,3,0,False,[],[],b11352f8f98d281de66fd4a71dbe855b72b7fae2a18cd6073166c556cf8d3df4
nodebb-images,F2,True,True,True,pass,1462.906,2,0,True,[],[],7076a7d9ad389bfcc93ec7a1eec45760f1dd0e75c75db76e7c6a2468eb1602b3
nodebb-images,I1,False,False,False,pass,1043.156,1,0,True,"[""nodebb_images.js"", ""nodebb_images_files.js""]",[],b8ed6459aef0ca58e2baf6be1331d028ffb313b904a0669aab688e9878426448
nodebb-images,I2,False,False,False,pass,987.734,1,0,True,"[""nodebb_group_variants.js""]",[],a1d1bae821671e11a6995d30e0a8952b7d1f632faa5b501da104cb1de8b3b47e
ansible-type-tags,A1,False,False,False,pass,285.25,0,0,True,"[""ansible-none-literal-input.py"", ""ansible-type-tags-v2-input.py""]",[],5156cc9caf284232905def7073aca115d0b4f3862d58eb8ffe7e5c63904a75a3
ansible-type-tags,A2,False,False,False,pass,310.672,0,0,True,"[""ansible-none-literal-input.py"", ""ansible-type-tags-v2-input.py""]",[],cd2f75255a9538ef860b001551ee75f00918c34c827032a23a25dd1f5308205b
ansible-type-tags,B1,True,True,True,pass,285.625,0,0,True,[],[],2301560c5272a7f1ea5754754f5310535b86905da7953eef76e806ef7e97c030
ansible-type-tags,B2,False,False,False,pass,294.703,1,0,True,"[""ansible-none-literal-input.py""]",[],ab5a93abb60b3c327442048c7b7485c62454e47879c57f0fa2191209e875390f
ansible-type-tags,C1,True,True,True,pass,426.359,0,0,True,[],[],172ca8523ff51480fa424893ace05c0ec23bae4b26bcd314a8adc10708eefcb5
ansible-type-tags,C2,False,False,False,pass,510.563,0,0,True,"[""ansible-none-literal-input.py""]",[],fc7ce936d3dd5849de75ea20132d288619839f0276be4b873a1b69882f13a80b
ansible-type-tags,D1,False,False,False,pass,274.454,0,0,True,"[""ansible-type-tags-v2-input.py""]",[],b69d9aaea257c2e6ae3ac5dae4cc93d64083d786f6fd7c6a8acb67ad58ca090e
ansible-type-tags,D2,False,False,False,pass,309.36,1,0,True,"[""ansible-none-literal-input.py""]",[],3688407accbf9972260dbf321d1113a33247966ce50f9f220e67be7ef06edabb
ansible-type-tags,E1,False,False,False,pass,625.093,2,0,True,"[""ansible-none-literal-input.py""]",[],233771c22f23294cd20f83896b0b000aeef1c06d478fd7c4f36d9475823c04c6
ansible-type-tags,E2,True,True,True,pass,404.172,0,0,True,[],[],5054139e0a55d3c1be52ecfd3a916ba36df38eb111a9d92d21376bc5bcfb2512
ansible-type-tags,F1,False,False,False,pass,624.531,1,0,True,"[""ansible-none-literal-input.py""]",[],8c323930381e6ca8a4d72db061b9f0d6676a3ea6ecc8f73b053227ef9a46eb3c
ansible-type-tags,F2,True,True,True,pass,479.109,0,0,True,[],[],b4c2bd167a41c0f6830e2072a6cf5ce624c471d4ea5514fcf1764e21a1a9921b
ansible-type-tags,I1,True,True,True,pass,628.172,0,0,True,[],[],47cbc9c6d07fe1d575cc7bf49dd6716d0da226d853eaeea322c60048252ca13f
ansible-type-tags,I2,False,False,False,pass,664.594,0,0,True,"[""ansible-none-literal-input.py""]",[],0915f7d4b35c8991d1000b2c0e8c5cdcf5282d276c11103b8d5224be544734c2
element-sessions,A1,True,True,True,pass,430.047,0,0,True,[],[],7499742cfd483b139b6c0e83b35617d5f45bb7cce092466cbec4540ca9f0cdd8
element-sessions,A2,True,True,True,pass,407.859,0,0,True,[],[],196297fcc918f11dad63719136fe4fab0424bcebcffb5d44d6f9bbcc07168a9f
element-sessions,B1,True,True,True,pass,326.343,1,0,True,[],[],f95b677ecfebbfc6d0f7747335d43ce9b8d7bf29c551d933c2e68a0e42de847b
element-sessions,B2,True,True,True,pass,434.0,1,0,True,[],[],13ac70f484cedeaaa5742fdecd2107138099aa42decf26c5f55112a7245c70aa
element-sessions,C1,True,True,True,pass,750.141,0,0,True,[],[],e807e3c6604ceacc7c97001e5ee5e05aee0e0e2a131a1e425c12de0be7f92727
element-sessions,C2,True,True,True,pass,576.5,0,0,True,[],[],fb04bef7f62ad6a68546943e4f23b485ba52afb54417808b83f64c9a48decf08
element-sessions,D1,True,True,True,pass,411.235,1,0,True,[],[],2a0b817d484b5a8c7805bb37d691e80b3e5da4df416eca6df83b2ef6287f411f
element-sessions,D2,True,True,True,pass,467.578,1,0,True,[],[],43529c71239e9bcb02dc16ff0f6afb047e6c28acfe9b025fef2729d723f4e5f7
element-sessions,E1,True,True,True,pass,645.015,1,0,True,[],[],35d942e9f9022d9d138d82e8d2548bf38d1baa82a803b193d6b63ff6c6c0b4ca
element-sessions,E2,True,True,True,pass,580.797,1,0,True,[],[],dc8853a8c03d24a25c42d2b0c962b4177fbd9367e8b0fd5ed34fd1b3aaf4f97b
element-sessions,F1,True,True,True,pass,877.563,1,0,True,[],[],6df10556dbb0be468210c5d38a7da53fd42ea249b2ac59e0532ef63e67fa0b04
element-sessions,F2,True,True,True,pass,669.188,1,0,True,[],[],74017891b82f1927c315b365638ea0d29eb244706c19ac2d99667b4857e2c0e0
element-sessions,I1,True,True,True,pass,806.594,1,0,True,[],[],0538119a6b08868cd0b650c590b0e6251ae18c59f3a7a48fc8f40157ba3a703b
element-sessions,I2,True,True,True,pass,734.735,1,0,True,[],[],230227b49007323d7c4e4b04b73048de35f62b2b8e1690c8911a87233157d02a
flipt-segments,A1,True,True,True,pass,735.281,0,0,True,[],[],180944f19f0fd0f1c7d0426f9b1b6a3a08c343c56a2df645f562febfc1a42bf5
flipt-segments,A2,True,True,True,pass,825.641,0,0,True,[],[],6a4f0e24c51c6d07762ea0d60dca5dac756d182af09a2830c6de96577aa6d612
flipt-segments,B1,True,True,True,pass,791.0,3,0,True,[],[],ab1e2cab94ca90ab0fb98cf0f4c571a50d3da249dbe3c3e9e97aaab0ada9a18a
flipt-segments,B2,True,True,True,pass,905.031,3,0,True,[],[],9508c85f27119f416c1b6106f62325102b956b332013f556296805c5fd1f788a
flipt-segments,C1,True,True,True,pass,786.578,0,0,True,[],[],7a38169d39e24fbabb3620a72dc95fc755bd85468f26cd77360b513dd6faa6ef
flipt-segments,C2,True,True,True,pass,852.828,0,0,True,[],[],4ebdb8f7b390af43bc3a6f2b7e057f759b316931cdb0d0ef0928430da570ea31
flipt-segments,D1,True,False,False,pass,688.016,0,0,True,[],"[""rollout legacy shape""]",585ead2ca4cc0ba9632c9a0c238877acb80624be03dab4d3abf6367d84df5622
flipt-segments,D2,True,True,True,pass,809.422,0,0,True,[],[],82f03754c101d8ced6641793ea9fd3802726dc4daf678b28e8724e1ce06d5f07
flipt-segments,E1,True,True,True,pass,794.312,0,0,True,[],[],fa5620df13c408853fcf11f84f378d60b77ad9062108d648370c5d78a5f3734d
flipt-segments,E2,True,False,False,pass,744.469,0,0,True,[],"[""rollout legacy shape""]",25fe36f9a654a65bfca138ad702abdf73bbc4f4a262271b4d4651b9156167730
flipt-segments,F1,True,True,True,pass,1276.078,3,0,True,[],[],38a726e2de39bf81a75a072a43d321c243c7d0b23920d2d3b625f74fb340ea91
flipt-segments,F2,True,False,False,pass,948.093,2,0,True,[],"[""rollout legacy shape""]",748bbf3c92716a4f07b53461cb89b2e484c1e6637094ac0ac15ab463ee4f880a
flipt-segments,I1,True,True,True,pass,1491.641,2,0,True,[],[],95d43365903c20cdbf4b1e05c4215400c258a9bbbcd85639e3dde768cf83bc2f
flipt-segments,I2,True,True,True,pass,1241.391,3,0,True,[],[],f49e2d2ff8bad5b29b7f611f3bf41776e18351e6fd758fdf3052c7dc4146833c
openlibrary-index-state,A1,False,False,False,pass,498.328,0,0,True,"[""openlibrary-edition-keys-input.py"", ""openlibrary-responses-input.py""]",[],887559dd082fb2ae6bb0e0f2757799de21d6bbc92c41d74ad9cafdcf5dcac70e
openlibrary-index-state,A2,False,False,False,pass,515.25,0,0,True,"[""openlibrary-orphan-batch-input.py"", ""openlibrary-preload-iterable-input.py""]",[],82f5f7e2ebb4e571c7c2c1be889129621df7fdcb40046eb6575c08ea6f05e0b3
openlibrary-index-state,B1,False,False,False,pass,617.828,3,0,True,"[""openlibrary-preload-iterable-input.py""]",[],86af3fd0918e5b1ce7f781772934a7beac83f2091fc6d4735bef62cd298464e5
openlibrary-index-state,B2,False,False,False,pass,530.343,3,0,True,"[""openlibrary-edition-keys-input.py"", ""openlibrary-preload-iterable-input.py""]",[],bc5093b42984d5c2b84768ba3fdeff963804677a5bac66e3900babb3847cb552
openlibrary-index-state,C1,False,False,False,pass,911.203,0,0,True,"[""openlibrary-edition-keys-input.py"", ""openlibrary-preload-iterable-input.py""]",[],b0ae1dd51e353bc4fdef46fd9a80c085dc8729c60a1c7c50a4984a74b5804a82
openlibrary-index-state,C2,False,False,False,pass,1043.703,0,0,True,"[""openlibrary-edition-keys-input.py"", ""openlibrary-preload-iterable-input.py""]",[],15a64bd659c5d1d9947edd950bb34a912f4d009b3d269523f63b4d5f32336606
openlibrary-index-state,D1,False,False,False,pass,494.235,2,0,True,"[""openlibrary-preload-iterable-input.py"", ""openlibrary-responses-input.py""]",[],a0b3621a7c1c3cdba3a1ea1cf3889b8a3caa266920239047ba8998095f411448
openlibrary-index-state,D2,False,False,False,pass,523.094,1,0,True,"[""openlibrary-orphan-batch-input.py""]",[],196ab0c768206a73f455de62fb62f23651c19b374fa9459f8b412f4839ecf5ec
openlibrary-index-state,E1,False,False,False,pass,768.437,1,0,True,"[""openlibrary-orphan-batch-input.py""]",[],2173747edc8f65768478a053a21e323ccb7b8559d87cd16859af615fa8e9614b
openlibrary-index-state,E2,False,False,False,pass,1028.5,1,0,True,"[""openlibrary-edition-keys-input.py""]",[],cbd00a3717912774e26b13b9737029897734e544125c330d6de1e04ede2ef545
openlibrary-index-state,F1,True,True,True,pass,1378.219,3,0,True,[],[],ca8559acc66a7a7c8011a90fe0509a10a1619a9415d3e85c647f3fbf37671a61
openlibrary-index-state,F2,False,False,False,pass,1008.922,2,0,True,"[""openlibrary-preload-iterable-input.py""]",[],7924026860e835b9fcddb64d6a8662fe8be4d4b47bb8896030a11f80e0482443
openlibrary-index-state,I1,True,True,True,pass,1330.406,3,0,True,[],[],fd205751aa48784586283a6cd228d51e744173715faf75ef1510780013c809a2
openlibrary-index-state,I2,False,False,False,pass,1528.969,2,0,True,"[""openlibrary-orphan-batch-input.py""]",[],75ee16a9b25512d79bb8c25eb60e2fa3f0a6304d6894974278c7bb3b00838af4
proton-mailbox-retry,A1,True,True,True,pass,584.015,0,0,True,[],[],27361156d86bc9895f7a92dee7a28a1c3088aeafd93aadcd2cee8155ac69056f
proton-mailbox-retry,A2,True,True,True,pass,768.969,0,0,True,[],[],cb4ff1f0153bd480f7b4257141b3c8909cd127bd61470fd68fa19a8346217f2e
proton-mailbox-retry,B1,True,True,True,pass,870.907,3,0,True,[],[],cc5ea9911d29d4578701690ef31627b0d1802c02ed4c6887fa9b6c4a05ce6072
proton-mailbox-retry,B2,True,True,True,pass,1316.5,2,0,True,[],[],9539221dab232874b70063319b0b5e20385671459293b629393238a6c46e0919
proton-mailbox-retry,C1,True,True,True,pass,839.438,0,0,True,[],[],a1b1c67e60a2de903e16552662a968774edfb09b03dbce8c6ae02be49d83fe01
proton-mailbox-retry,C2,True,True,True,pass,1127.703,0,0,True,[],[],d07eed7ab5ae5b07171bedba22faa27b18899960cae1309a6b1be8f414c2e2db
proton-mailbox-retry,D1,True,True,True,pass,992.281,1,0,True,[],[],f520da103c80995236e4a71c5e87125e80494d7c4b55b0dd7260492d1596d515
proton-mailbox-retry,D2,True,True,True,pass,744.109,1,0,True,[],[],5eadac62c4020e0e4d4a36765bef73aaaec0c41621e4d9ad48e08f87d4096438
proton-mailbox-retry,E1,True,True,True,pass,938.375,1,0,True,[],[],e7643d7b75eea048ccd4b00f7cbacf6ac2d136b12530165fe9533c9d70d69455
proton-mailbox-retry,E2,True,True,True,pass,1198.891,2,0,True,[],[],6348467188b7c822aa21f9f6510b3053c39d356519eab0bed3ee15d2f63225ee
proton-mailbox-retry,F1,True,True,True,pass,1590.39,0,0,True,[],[],9717f0e1f8ad660cf371252c9d7a96e9d0ea5c54ed9dd09eaf9bb98d36567275
proton-mailbox-retry,F2,True,True,True,pass,1784.625,2,0,True,[],[],05fd2bd2d394a34d830a10d77a458349a97d40e9481fa980f591ce74133b7c92
proton-mailbox-retry,I1,True,True,True,pass,1490.219,1,0,True,[],[],d994738b0a50f3c6963a2cc6e2cf3cc54c8fbb641a349227305812671e85d129
proton-mailbox-retry,I2,True,True,True,pass,1403.328,0,0,True,[],[],b59ba621d903e4d79dffd6e3dd2958956585653668537007a13191d4348600df
flipt-storage-cache,A1,False,False,False,pass,355.266,0,0,True,"[""server-wiring""]",[],73b6b40693975aee4cb0270f624ba4697f939ccbc32c986406ff7de45bcd33d6
flipt-storage-cache,A2,False,False,False,pass,244.156,0,0,True,"[""server-wiring""]",[],3d5ae806fabcb95e97df6d6e5f4ead16ee664e0652dbf450130f7dd9c2726f68
flipt-storage-cache,B1,False,False,False,pass,548.985,1,0,True,"[""server-wiring""]",[],9122413cda9008c0a23e6a87cacda7e039f99baf35d6a27cafde4f910513b0dc
flipt-storage-cache,B2,False,False,False,pass,502.218,1,0,True,"[""server-wiring""]",[],83db3dffe3a1533a8130dd90cf7db7fbbe629148b17ddfdec0c57e085ec3e4ce
flipt-storage-cache,C1,True,True,True,pass,543.531,0,0,True,[],[],855c1339ed10dab800148d75fc59091de6e2687face7a6bd1561276ca04d01a7
flipt-storage-cache,C2,True,True,True,pass,801.969,0,0,True,[],[],de303adc3894cb5a734278a5faf5ecbec6e286d1fb4f4ecf7927455abb8d9599
flipt-storage-cache,D1,False,False,False,pass,353.313,0,0,True,"[""server-wiring""]",[],43c64edf0eb1d548163568c5c6f9a70c960ee86b77a7cfa899c7b1b9f6506a69
flipt-storage-cache,D2,False,False,False,pass,545.047,0,0,True,"[""server-wiring""]",[],e6c1cc81f7b4cc91bede5331b49d0164eb491186c60596b0d0a45d8b8c0b664a
flipt-storage-cache,E1,False,False,False,pass,709.531,1,0,True,"[""server-wiring""]",[],4b316bcd91d3b067f4997788ee3364d88ded54d32462795ee7f9b4f0a18744c1
flipt-storage-cache,E2,True,True,True,pass,680.547,0,0,True,[],[],fc8a5f486d306bce9b1fac191f3e238e77123711232b65a6487f4df6fe1955ea
flipt-storage-cache,F1,True,True,True,pass,854.844,1,0,True,[],[],9ad496f2de9bdb226a3511f49b1ad0e6cff5bde2d78afc73384cfebb5d87e48a
flipt-storage-cache,F2,True,True,True,pass,723.875,0,0,True,[],[],90177e6cd301ca4f61223b9c9f8c6ea2898645de81fb3c9ba5a7d6d35e041194
flipt-storage-cache,I1,True,True,True,pass,1045.219,1,0,True,[],[],aaf81867acc9153211ef54496b2bd2a6572bcfd92ee7d699f4384ddbd8de32ea
flipt-storage-cache,I2,True,True,True,pass,805.453,1,0,True,[],[],d23314b1a7fa275f73235a7e80c92624d52d36e798c569d75a550f2090bfa4a5
fb-metaflow-stubs,A1,False,False,False,pass,804.703,0,0,True,"[""metaflow_members_input.py"", ""metaflow_review_members_input.py""]",[],0d7032eda0153de163eb7d029cac1df8048722b39aced8c19945b79888b64bd7
fb-metaflow-stubs,A2,False,False,False,pass,813.625,0,0,True,"[""metaflow_members_input.py"", ""metaflow_review_members_input.py"", ""metaflow_typed_dict_keys_input.py""]",[],28ce8c551f8b350fa7ede6e4f58ae3e212e90ce11d98d6456ef9f51951734ea8
fb-metaflow-stubs,B1,False,False,False,pass,729.984,2,0,True,"[""metaflow_members_input.py"", ""metaflow_review_members_input.py""]",[],7a843258acc5410e7cbb5cf4f424bb01964400afaf563ade480a3459f199a726
fb-metaflow-stubs,B2,False,False,False,pass,652.281,2,0,True,"[""metaflow_members_input.py"", ""metaflow_review_members_input.py"", ""metaflow_typed_dict_keys_input.py""]",[],e80aab8aa2d3d1f099f52166f63c8f9c536ae357e9752e78ded0ee05e5b8f694
fb-metaflow-stubs,C1,False,False,False,pass,1483.125,0,0,True,"[""reserved"", ""metaflow_members_input.py""]",[],0f4b595e149f41c33ca30cb574da13e69eb94693503a92543148715bf1f34cd0
fb-metaflow-stubs,C2,False,False,False,pass,1598.422,0,0,True,"[""reserved"", ""metaflow_review_members_input.py""]",[],f3f9dab0a127660ccb00d794f63080f5182e150bdb2f2e9d35f533c679fdb8ce
fb-metaflow-stubs,D1,False,False,False,pass,724.64,3,0,True,"[""metaflow_members_input.py"", ""metaflow_review_members_input.py"", ""metaflow_typed_dict_keys_input.py""]",[],504834b66771ab1c169612a9e6ef354638ad8e0f8ce9c1ca15e41b1720856ba4
fb-metaflow-stubs,D2,False,False,False,pass,744.797,3,0,True,"[""metaflow_members_input.py"", ""metaflow_review_members_input.py""]",[],1d8c07ab74cf131e546787c553e1fceec9f9e251f3a7dae864952d4b57182d29
fb-metaflow-stubs,E1,False,False,False,pass,1101.25,1,0,True,"[""metaflow_members_input.py"", ""metaflow_review_members_input.py"", ""metaflow_typed_dict_keys_input.py""]",[],c16daa4c3ccb75c4d32cf15443ebd9abb18e54efe138ecd6b8414c836ee950ba
fb-metaflow-stubs,E2,False,False,False,pass,1274.172,2,0,True,"[""metaflow_members_input.py""]",[],fe5431dc1699513233535e8bd975ad9bece7254ed9f100744eda26a817df74d3
fb-metaflow-stubs,F1,False,False,False,pass,1604.969,1,0,True,"[""metaflow_members_input.py""]",[],9f34cec5da74d558ce0be48b9d971dac0f8915424aa319302f333e0847740f2b
fb-metaflow-stubs,F2,False,False,False,pass,1515.329,2,0,True,"[""metaflow_members_input.py"", ""metaflow_review_members_input.py""]",[],5a6d71eadf185aa7db401969752d5034ff3097ef00448adea404604c32441d61
fb-metaflow-stubs,I1,False,False,False,pass,1128.141,1,0,True,"[""reserved"", ""metaflow_members_input.py"", ""metaflow_review_members_input.py""]",[],ef8a37bc5c9da1965d39e8cd7d20ae7e12c1b6703cd01d2cd47b6d24c02d8e9f
fb-metaflow-stubs,I2,False,False,False,pass,1309.89,3,0,True,"[""reserved"", ""metaflow_members_input.py"", ""metaflow_review_members_input.py"", ""metaflow_typed_dict_keys_input.py""]",[],fc24f741417483a0c712e8bd0166779c55511ff53c44ae76c84bd75a406203f7
tracing-1523,A1,False,False,False,fail,1800.203,0,0,False,"[""reserved"", ""tracing_contract_v2.rs"", ""tracing_judge_concerns.rs""]",[],65fa2255eeef3c91d073cbd382b78961d08d245169d2fd9da706ce8a2cdc755c
tracing-1523,A2,False,False,False,fail,1800.187,0,0,False,"[""tracing_contract_v2.rs"", ""tracing_judge_concerns.rs""]",[],dfe03f6fdb23673ff60e74f46bfdc3d10be347dea695408cdece872b4274ec00
tracing-1523,B1,False,False,False,pass,1545.515,3,0,True,"[""tracing_contract_v2.rs"", ""tracing_judge_concerns.rs""]",[],44698a061c5a2f27a6f670ec887ef9efd2b7f84c7020158f455f7240345de071
tracing-1523,B2,False,False,False,fail,1800.172,3,0,False,"[""tracing_contract_v2.rs"", ""tracing_judge_concerns.rs""]",[],025c0e82391c179e89cd88551017ef6ac38241d214fa67a7c997af3b2a0e843a
tracing-1523,C1,False,False,False,fail,1800.203,0,0,False,"[""tracing_contract_v2.rs"", ""tracing_judge_concerns.rs""]",[],0743631143edb030893639f363a5979f73aaa73b2c19f73eddc18c0a0c957d3e
tracing-1523,C2,False,False,False,fail,1800.218,0,0,False,"[""tracing_contract_v2.rs"", ""tracing_hint_bounds.rs"", ""tracing_judge_concerns.rs""]",[],d6de6d9260e8cb01186bb86b30a4e7ed462ab6280c33ecbb3a18af939599e087
tracing-1523,D1,False,False,False,pass,1485.219,3,0,True,"[""reserved"", ""tracing_contract_v2.rs"", ""tracing_judge_concerns.rs""]",[],3e69983dbd49f70d4f67074dbcae9ed6203e144447e23f5c5929a380bef5bc7a
tracing-1523,D2,False,False,False,pass,1438.531,3,0,True,"[""tracing_contract_v2.rs"", ""tracing_hint_bounds.rs"", ""tracing_judge_concerns.rs""]",[],8cf4386d159d886e5f2ec3f2c4b628d4945a7e75b65f24662a7c85d6e249703e
tracing-1523,E1,False,False,False,fail,1800.204,3,0,False,"[""tracing_contract_v2.rs"", ""tracing_hint_bounds.rs"", ""tracing_judge_concerns.rs""]",[],bfcfca194da218cd6097a2cbe5c6fa0da15d1f7bfdb25b0e64477af69b568569
tracing-1523,E2,False,False,False,fail,1800.172,3,0,False,"[""tracing_contract_v2.rs"", ""tracing_judge_concerns.rs""]",[],967612b3c6d3036e3f8f1ff5f48b4a811597b5849aa5b9a0989ed1645715ce06
tracing-1523,F1,False,False,False,fail,1800.172,3,0,False,"[""tracing_judge_concerns.rs""]",[],006dc4b53d7bdc946e31907d0ec4c46fbb1f517b31b45c05ec90970b17664763
tracing-1523,F2,False,False,False,fail,1800.172,3,0,False,"[""tracing_contract_v2.rs"", ""tracing_hint_bounds.rs"", ""tracing_judge_concerns.rs""]",[],b84088edfd3f91d87f175d93dd3442c2564790876162fcce5efb5d1f6ac07d59
tracing-1523,I1,False,False,False,fail,1800.0,3,0,False,"[""reserved"", ""tracing_contract_v2.rs"", ""tracing_hint_bounds.rs"", ""tracing_judge_concerns.rs""]",[],e3b0c44298fc1c149afbf4c8996fb92427ae41e4649b934ca495991b7852b855
tracing-1523,I2,False,False,False,fail,1800.234,3,0,False,"[""tracing_contract_v2.rs"", ""tracing_judge_concerns.rs""]",[],44171cb83990428fb31bc2b3b5294362fb10e89bd8dc71597868eb639533dc65
proton-untrusted-keys,A1,False,False,False,pass,584.328,0,0,True,"[""untrusted_preserve_false.test.ts""]",[],827bcb78f923463658ed7eecaf1291f6ab875d59dffcadffcbf997865b26d654
proton-untrusted-keys,A2,False,False,False,pass,535.265,0,0,True,"[""untrusted_preserve_false.test.ts""]",[],ee51b983c06077d83968ea4f7062f31eaa0e0188de0e88244405e9135485c6f5
proton-untrusted-keys,B1,False,False,False,pass,531.344,0,0,True,"[""untrusted_preserve_false.test.ts""]",[],a80d552f87eb95235e0cee09f138199c8cc8fd48ee1e05f236654df374e6bb22
proton-untrusted-keys,B2,False,False,False,pass,516.625,0,0,True,"[""untrusted_preserve_false.test.ts""]",[],6a25e9d7123ab6be43219127fc76f6824545ac35d0e390296fedee749a1b16d9
proton-untrusted-keys,C1,True,True,True,pass,924.031,0,0,True,[],[],af22b5a5456bee85edfe79e66ad747bb954ab8f93f3ad0008bd317af56169182
proton-untrusted-keys,C2,True,True,True,pass,934.343,0,0,True,[],[],c6f3a408caf1e34012713f42d8e6c2a02bb99c7bb3cd55091c0ef723c2f74f1e
proton-untrusted-keys,D1,True,True,True,pass,825.484,0,0,True,[],[],b5409b24b5ad02afcba5e6098703d87f1a06808917d5329227870ee9a5168457
proton-untrusted-keys,D2,False,False,False,pass,605.719,0,0,True,"[""untrusted_preserve_false.test.ts""]",[],ce4125af6d05a4df0283831d975e710bba2c91bdcf6d57782fce28374caad6e2
proton-untrusted-keys,E1,True,True,True,pass,993.844,1,0,True,[],[],7971f1444ad07f39f6c467c114d2bfd9c4596cafb345e8d78f4e36d57c3e73fe
proton-untrusted-keys,E2,True,True,True,pass,881.563,0,0,True,[],[],493344d5b9cd70966af209d1c3cd5d3dded276adccfffce4e68878ad1323b94c
proton-untrusted-keys,F1,False,False,False,pass,1014.0,1,0,True,"[""untrusted_preserve_false.test.ts""]",[],3924ac067787aa073d88e2d1ebb72b71c98b947d48cc2d0645b9f2c860273acc
proton-untrusted-keys,F2,False,False,False,pass,1144.469,2,0,True,"[""reserved""]",[],d0f9bef6a7771b2443c4429a5599adcbf84b9f02467599529f7aefa81ac003f4
proton-untrusted-keys,I1,True,True,True,pass,1576.891,2,0,True,[],[],b41ace3e17190d9bea968caf686a2d0e173fbdf8a134873e891fce1d96ec50dc
proton-untrusted-keys,I2,True,True,True,pass,1748.625,3,0,True,[],[],b73f82b4b786ddb63e3fe879e6a7800cc5604037066d0e41d2875120f2560cb4
regexp-404,A1,False,False,False,pass,511.688,0,0,True,"[""regexp_contract.js"", ""regexp_direction.js"", ""regexp_judge_concerns.js""]",[],2667a0549706ee36534e4578ca5722d56bce23a06c6a9490c83508067687a7b0
regexp-404,A2,False,False,False,pass,738.219,0,0,True,"[""regexp_contract.js"", ""regexp_direction.js"", ""regexp_judge_concerns.js""]",[],304dcaeba51efbac1b3260cc08b8e851cd35a74dd4386a386544879e544e7bcb
regexp-404,B1,False,False,False,pass,1043.172,3,0,True,"[""reserved"", ""regexp_direction.js"", ""regexp_judge_concerns.js""]",[],bd2fe6c61744938eb368fc6a419e4ca50352d0e936c3f45245e2c9dbbf2f2dab
regexp-404,B2,False,False,False,pass,693.172,1,0,True,"[""regexp_contract.js"", ""regexp_direction.js"", ""regexp_judge_concerns.js""]",[],12e51d2d1f05b5db42bf901121d76e3dfed8fde58530dddbc8d012e31c0ced4f
regexp-404,C1,False,False,False,pass,1530.735,0,0,True,"[""regexp_direction.js"", ""regexp_judge_concerns.js""]",[],cd906c437c993416e1c346abba4a43fd5d80ad969cbbfdc037b9f47cc6325e0f
regexp-404,C2,False,False,False,pass,1176.516,0,0,True,"[""regexp_direction.js"", ""regexp_judge_concerns.js""]",[],20d3a7e30db3c59cfc7a5c91135cedb1f51ac057426b156fdffe97b347e25aba
regexp-404,D1,False,False,False,pass,854.031,3,0,True,"[""reserved"", ""regexp_direction.js"", ""regexp_judge_concerns.js""]",[],292d9b54afc76e8ac240f15fa595d05dcc65f41d5af8692db843357a1d101abd
regexp-404,D2,False,False,False,pass,976.141,3,0,True,"[""reserved"", ""regexp_direction.js"", ""regexp_judge_concerns.js""]",[],b93a962eedef5e1a66b03635924fc123a6ba602801ac55bb97e6f2deb04e2cda
regexp-404,E1,False,False,False,pass,1403.015,1,0,True,"[""regexp_direction.js"", ""regexp_judge_concerns.js""]",[],27fbf47d30fd3d6ce151dca6cb041b97c1337287b98be59c39fd2493046e1562
regexp-404,E2,False,False,False,pass,1179.859,1,0,True,"[""regexp_direction.js"", ""regexp_judge_concerns.js""]",[],9898193dfa728136179da5f9af8aac7cd546eec3b0a1190ac3497dc518cf6bd1
regexp-404,F1,False,False,False,pass,1195.328,1,0,True,"[""reserved"", ""regexp_direction.js"", ""regexp_judge_concerns.js""]",[],06953252e9f21df388c8125fa32c7968ef46a4de2703c8dea9d2905853e9c6c4
regexp-404,F2,False,False,False,fail,1800.171,3,0,False,"[""regexp_direction.js"", ""regexp_judge_concerns.js""]",[],6589ba4c6c4888131d522761dd18cabe6791e07b0917349be3e8a8e442a0496f
regexp-404,I1,False,False,False,pass,1527.063,2,0,True,"[""regexp_direction.js"", ""regexp_judge_concerns.js""]",[],4c14688076644aabe4c1c8b2005e010488d8a9f0242cf01ad987544d5f75bc11
regexp-404,I2,False,False,False,pass,1221.047,1,0,True,"[""regexp_direction.js"", ""regexp_judge_concerns.js""]",[],2f3cf7ab2ac6d43ee7982aff4e84a75961e101819967e0d40e9044daee8b67dc
clap-2297,A1,False,False,False,pass,459.765,0,0,True,"[""self-override""]",[],8a9cf1d13d67e3c900e143b64e272c6733e23796e954000cec34af3dd74ac34a
clap-2297,A2,False,False,False,pass,614.344,0,0,True,"[""self-override""]",[],13dc77f138dfc5949805bdac19d2433ced0eee23889930c49eff7584bfe7194a
clap-2297,B1,True,False,False,pass,698.86,2,0,True,[],"[""existing occurrences count""]",f7a30e740620e5b98b9b32967881e074e45ab1ba50d0a2b3d1c8cb0881da026b
clap-2297,B2,False,False,False,pass,950.828,3,0,True,"[""self-override""]",[],1e7bc98d260083327a41d95c6bfcbe332ebe1d47921c1027e00d64c370727fe8
clap-2297,C1,False,False,False,pass,772.25,0,0,True,"[""self-override""]",[],f4d70db76ab8a2f0c215cc97334439a5ec4a9edd44f9476e601babf5cfb41beb
clap-2297,C2,False,False,False,pass,748.859,0,0,True,"[""self-override""]",[],44fa60723034719eb5c85233e7d6975f2d81da898ebd4e90cffa88e1806274f9
clap-2297,D1,True,True,True,pass,604.922,2,0,True,[],[],6f4770ddf635d2d2da3dd8b04df2db3a9479fbaa110a229497544fb5c3dba9d2
clap-2297,D2,True,True,True,pass,650.578,2,0,True,[],[],25d9bf00ba5fa4c441471f095c1b31a7c80415b75977c04ec440d953397a0f63
clap-2297,E1,True,True,True,pass,763.719,1,0,True,[],[],8636c91bdc9e5cd749d2c2309518fa0180594145f24079571ae16f0d3ea40638
clap-2297,E2,True,False,False,pass,685.328,0,0,True,[],"[""existing occurrences count""]",a41a102684582439546abbca980a670652c10b279dce6312746f0aa2d806a9ec
clap-2297,F1,False,False,True,fail,1800.172,3,0,False,[],[],9925b5e1f883a76ca5afba013f898e5c7db9fde19a78dcf9b678109c34260431
clap-2297,F2,True,True,True,pass,1019.813,1,0,True,[],[],c2ae1486433c1a51ec42e7e9a4f6bffab93f4ca8428575e7eb8aca0eb028a599
clap-2297,I1,False,False,True,fail,1800.203,3,0,False,[],[],bbf0b6f581f00ec80b6c90adbdead556643c6468693a9fe3723c307dccd411c3
clap-2297,I2,True,True,True,pass,881.359,2,0,True,[],[],43435676cb55f32334fc92f468c017d8b5c120d5357c9c4d85b3c7e504da4cb4
